<?xml version="1.0" encoding="UTF-8"?>
<root>
	<cap name="cap_1" posX="-1" posY="-1" visible="false" idUser="" color="синий"/>
	<cap name="cap_2" posX="-1" posY="-1" visible="false" idUser="" color="желтый"/>
	<cap name="cap_3" posX="-1" posY="-1" visible="false" idUser="" color="пурпурный"/>
	<cap name="cap_4" posX="-1" posY="-1" visible="false" idUser="" color="зеленый"/>
	<cap name="cap_5" posX="-1" posY="-1" visible="false" idUser="" color="голубой"/>
	<cap name="cap_6" posX="-1" posY="-1" visible="false" idUser="" color="красный"/>
	<card userId="" cardforView="" cardSelected="" isActive="" id="card" result=""/>
	<cube userId="" isActive="" result="" id="cube"/>
</root>
